Id,Area,Bedrooms,Bathrooms,Floors,YearBuilt,Price,Year_gap
1,1360,5,4,3,1970,149919,56
2,4272,5,4,3,1958,424998,68
3,3592,2,2,3,1938,266746,88
4,966,4,2,2,1902,244020,124
5,4926,1,4,2,1975,636056,51
6,3944,1,2,1,1906,93262,120
7,3671,1,1,2,1948,448722,78
8,3419,2,4,1,1925,594893,101
9,630,2,2,1,1932,652878,94
10,2185,3,3,1,2000,340375,26
11,1269,1,4,2,1947,653685,79
12,2891,4,4,3,1978,127123,48
13,2933,4,3,2,1901,849947,125
14,1684,1,1,1,2004,399355,22
15,3885,1,3,1,1970,481838,56
16,4617,1,4,2,1931,853032,95
17,3404,2,1,1,1903,208964,123
18,974,2,2,1,1919,905742,107
19,1582,2,2,2,2013,989305,13
20,3058,5,2,2,2016,218767,10
21,2547,4,4,2,1935,996357,91
22,3247,4,3,1,1931,709789,95
23,1475,3,1,1,1927,709966,99
24,2306,2,2,3,1976,447694,50
25,689,5,1,3,1900,688668,126
26,3234,5,4,2,1959,527032,67
27,3505,4,2,3,1955,745494,71
28,2399,2,4,1,1934,513179,92
29,1767,3,3,3,2011,948212,15
30,2028,2,4,1,1929,206547,97
31,3702,1,4,2,1953,902609,73
32,4056,2,3,2,1935,727090,91
33,4390,1,1,1,2020,202185,6
34,1146,1,3,3,1954,725371,72
35,3388,3,3,2,1988,105746,38
36,2935,4,4,2,1979,959507,47
37,1100,2,1,3,1957,748213,69
38,2863,1,2,3,1982,921627,44
39,2561,2,3,1,1964,873250,62
40,741,4,1,3,1968,218393,58
41,2541,4,3,3,1950,333453,76
42,3324,5,3,3,1921,986192,105
43,3112,4,3,1,1987,340320,39
44,1863,3,3,1,2006,643167,20
45,1978,1,4,2,2008,641880,18
46,3056,5,1,1,2015,396872,11
47,1275,3,1,2,2000,270084,26
48,4514,2,1,3,1952,976920,74
49,534,1,3,2,1999,771782,27
50,3652,4,4,2,1935,845016,91
51,2455,1,3,3,1967,698843,59
52,2085,2,3,2,1935,405446,91
53,4443,5,1,1,1951,958840,75
54,3573,5,3,1,1952,593118,74
55,1521,5,2,1,1981,266897,45
56,3961,4,3,1,1949,826522,77
57,3113,3,2,2,1979,913498,47
58,4343,3,3,2,1940,840023,86
59,2000,1,4,3,1917,143878,109
60,661,4,4,2,1921,175407,105
61,4797,5,1,2,1965,691157,61
62,2481,5,3,2,1920,307716,106
63,1495,2,2,3,1999,857827,27
64,3842,2,2,1,1943,66738,83
65,4298,5,3,2,2002,183703,24
66,1775,5,2,3,1946,723265,80
67,1516,4,4,3,1938,593344,88
68,837,3,2,3,1928,815034,98
69,1378,2,1,1,1953,560241,73
70,1576,3,4,2,1989,433800,37
71,4493,4,4,3,1984,689604,42
72,879,5,4,1,1916,740807,110
73,992,3,3,3,1979,628706,47
74,2562,5,3,3,1959,873622,67
75,4384,5,4,3,1930,76014,96
76,564,1,3,3,2014,778359,12
77,3068,3,2,3,1972,813277,54
78,2527,3,3,1,1994,231350,32
79,3195,5,3,2,1977,961995,49
80,1995,4,4,2,1948,838212,78
81,891,1,1,2,2000,534859,26
82,4974,5,1,2,1901,764618,125
83,4061,2,1,1,2015,540339,11
84,2778,2,2,1,1947,92192,79
85,3599,1,3,1,2009,941307,17
86,700,4,1,3,1913,411273,113
87,3604,5,4,3,1958,93923,68
88,2954,3,1,3,1996,663484,30
89,4145,1,1,2,1998,576683,28
90,1304,4,3,3,1957,414593,69
91,3231,3,3,2,2002,433891,24
92,3273,2,3,3,1957,802744,69
93,2070,2,2,2,2010,458995,16
94,3190,3,2,3,1950,645316,76
95,4340,1,1,3,1983,997226,43
96,1528,2,3,1,1901,450327,125
97,1002,5,1,3,2014,816751,12
98,4993,3,4,3,1940,715344,86
99,1370,3,4,1,1982,929608,44
100,4988,2,3,2,2022,777688,4
101,706,1,3,1,2000,305315,26
102,1984,5,4,1,1981,339068,45
103,1363,1,3,2,1915,495919,111
104,3290,4,2,3,1903,344721,123
105,1063,4,2,2,1911,188783,115
106,4691,2,3,3,1928,659836,98
107,2257,2,4,3,1906,307288,120
108,2178,2,1,2,1913,543085,113
109,3742,4,3,1,2018,545187,8
110,1559,1,3,2,1911,699381,115
111,2222,1,1,3,1998,285835,28
112,3814,2,3,2,1904,971600,122
113,3657,5,1,2,1980,902987,46
114,3125,1,4,3,2021,401992,5
115,3229,4,2,1,2005,256084,21
116,2097,3,4,2,1931,844686,95
117,3560,3,2,3,1973,437554,53
118,3193,3,1,3,1942,803315,84
119,4127,5,2,2,1980,520336,46
120,1863,2,4,1,1968,973469,58
121,2481,4,2,2,1944,258072,82
122,2163,5,1,1,2005,298029,21
123,2029,4,2,1,1908,259047,118
124,2538,4,3,1,1948,415169,78
125,3802,2,4,1,1932,180509,94
126,2737,3,3,2,1999,812072,27
127,1806,2,1,3,1999,345107,27
128,4529,5,2,3,1917,577561,109
129,3175,5,3,3,1908,589618,118
130,1782,5,3,3,1961,202566,65
131,1209,2,2,3,1956,650710,70
132,4913,4,2,3,1928,958521,98
133,4248,4,4,2,2013,53212,13
134,1163,1,3,1,1977,282131,49
135,2498,5,3,3,1924,526657,102
136,3945,4,1,2,1914,661882,112
137,4243,1,4,3,1905,182152,121
138,1995,4,1,3,2019,344819,7
139,3804,5,3,1,1941,72007,85
140,4263,3,1,1,1928,688093,98
141,2353,5,3,1,1978,394785,48
142,1791,2,3,3,1992,670103,34
143,4081,4,1,3,1903,883247,123
144,3957,4,1,3,1981,919914,45
145,2136,2,2,1,2013,837071,13
146,4196,2,2,2,1956,375737,70
147,3499,3,2,3,1948,562164,78
148,3652,4,3,3,1943,128038,83
149,1198,4,1,3,2002,406043,24
150,2660,3,4,2,1979,840168,47
151,4597,1,3,3,1974,827794,52
152,1354,3,4,2,1913,66473,113
153,3974,5,1,3,1902,703059,124
154,2207,4,3,2,2014,175801,12
155,3277,2,4,3,2013,944030,13
156,2233,5,4,1,1961,660911,65
157,4010,4,2,1,2005,558252,21
158,702,3,2,1,1963,275097,63
159,3755,5,2,1,2001,348964,25
160,4718,4,3,3,1944,265933,82
161,4996,1,1,1,2005,369733,21
162,1266,1,1,2,1981,771167,45
163,4889,2,2,1,1957,330558,69
164,2827,4,2,1,1919,439522,107
165,3431,1,2,1,1957,74220,69
166,697,3,4,3,2011,634819,15
167,2430,4,2,1,1988,422146,38
168,4082,3,4,2,1956,557409,70
169,1108,3,1,1,2001,747785,25
170,3772,1,3,1,1976,59387,50
171,1647,4,3,1,1967,295752,59
172,4782,5,3,2,2018,651103,8
173,3897,1,3,1,1977,601872,49
174,3011,1,4,2,1996,619071,30
175,2294,4,4,2,1991,745169,35
176,1159,4,2,1,1951,759687,75
177,3311,3,4,2,1936,698782,90
178,1869,4,2,3,1907,690102,119
179,2486,3,2,1,1943,300139,83
180,646,1,3,1,1997,967184,29
181,3719,2,4,2,2007,550228,19
182,3411,5,4,2,1904,716217,122
183,2234,1,2,1,2017,747621,9
184,2343,4,2,3,1968,910020,58
185,988,5,1,2,1930,984499,96
186,3476,2,1,2,1944,296509,82
187,2459,2,2,3,1908,63580,118
188,2885,3,1,3,2005,592528,21
189,3419,5,1,1,1931,828639,95
190,2302,3,2,3,1932,395590,94
191,4561,1,2,1,1966,518968,60
192,3869,5,4,3,1929,940965,97
193,762,1,2,2,2013,828559,13
194,1123,3,2,1,1975,533663,51
195,1516,5,3,1,1928,478082,98
196,4143,3,4,1,1902,655262,124
197,2549,5,4,3,1989,647689,37
198,4223,3,4,2,1956,263165,70
199,3608,2,3,1,1929,455427,97
200,4590,3,2,1,1908,502201,118
201,2556,2,4,1,1925,214340,101
202,3670,3,4,1,1901,840078,125
203,2182,5,1,2,1961,760731,65
204,2755,5,4,3,1902,822411,124
205,1654,5,2,2,1945,354960,81
206,4999,4,2,1,1967,139460,59
207,3691,1,1,2,1924,356256,102
208,2196,5,4,1,1950,101048,76
209,4491,2,4,3,1912,780806,114
210,2148,5,4,3,2002,182850,24
211,1945,4,3,3,1943,882184,83
212,4699,2,4,1,1934,528193,92
213,4423,4,2,2,1954,907158,72
214,753,2,2,3,1986,786200,40
215,3683,3,3,1,1908,994793,118
216,3057,1,3,1,1901,356932,125
217,598,1,4,2,1960,316891,66
218,2700,4,1,3,2017,574333,9
219,3461,1,3,1,1940,582046,86
220,4933,4,3,2,1943,829685,83
221,4277,4,4,3,1963,961508,63
222,3369,4,4,2,1930,728797,96
223,3734,1,3,2,2007,724945,19
224,4291,4,1,1,1946,190926,80
225,1456,1,3,1,1901,233148,125
226,4567,4,4,1,1995,893382,31
227,660,5,4,2,1981,722709,45
228,4993,4,3,1,1976,801588,50
229,1800,2,1,2,2009,726708,17
230,4487,4,3,2,1968,215368,58
231,2027,3,3,1,1957,544496,69
232,1718,4,4,3,2005,69455,21
233,4996,2,1,3,1943,784184,83
234,3604,2,2,3,1973,515139,53
235,3235,1,1,2,1955,281897,71
236,1454,5,3,2,1942,482509,84
237,3946,4,3,2,1988,542646,38
238,1545,1,3,1,1933,662840,93
239,2193,5,1,2,2000,882548,26
240,3936,4,4,1,1929,432605,97
241,1062,3,3,1,1970,614772,56
242,2985,4,3,3,1969,997719,57
243,3854,2,1,3,2017,393782,9
244,725,2,2,3,1954,708764,72
245,1459,3,2,1,1966,218332,60
246,3567,1,4,1,1912,150647,114
247,1315,5,4,1,1902,639930,124
248,3620,4,3,2,1925,786091,101
249,516,2,1,1,1956,882441,70
250,1743,1,3,3,1923,178824,103
251,2705,3,4,3,1952,823202,74
252,3024,2,1,1,1969,866037,57
253,1569,3,1,1,1942,685167,84
254,3944,4,4,3,1959,695115,67
255,3065,5,2,1,1957,317724,69
256,1560,2,2,3,1948,951334,78
257,2827,2,1,2,1941,317544,85
258,3920,4,3,3,1975,745003,51
259,801,1,2,2,2012,801545,14
260,4776,5,3,1,1999,932464,27
261,1106,2,2,1,1965,177319,61
262,3670,5,2,2,1910,562193,116
263,1199,2,3,1,2002,529389,24
264,1639,5,4,2,1997,156960,29
265,690,3,2,1,1989,89015,37
266,2800,2,2,3,1917,383857,109
267,1480,5,3,1,1984,778165,42
268,3475,1,4,3,1999,982478,27
269,1684,3,2,3,2003,195109,23
270,3827,3,2,2,1951,527508,75
271,3894,1,4,1,1945,836351,81
272,627,5,2,2,1943,983671,83
273,2565,4,4,1,1921,138754,105
274,2316,1,4,3,1952,271775,74
275,1069,5,3,3,1958,355292,68
276,2395,1,1,1,1993,777513,33
277,3233,1,4,1,2013,726894,13
278,4363,2,3,2,2006,796355,20
279,4514,5,1,1,2023,959222,3
280,3401,4,2,1,1929,922510,97
281,2186,2,1,1,1907,106879,119
282,3509,1,4,2,1997,169894,29
283,654,1,4,1,1956,640127,70
284,3037,1,4,3,2010,79756,16
285,1909,5,4,2,1972,718043,54
286,4557,5,4,2,2014,230557,12
287,1284,2,3,3,1919,279303,107
288,3675,4,4,3,2003,454241,23
289,4841,2,3,3,1924,724075,102
290,3306,3,2,1,1918,541599,108
291,1037,1,4,3,1904,545283,122
292,2341,1,4,1,1974,667231,52
293,2955,1,1,2,1978,792476,48
294,1024,2,2,2,1971,198188,55
295,3450,2,4,3,1982,611032,44
296,4631,1,4,1,1986,174697,40
297,4615,2,2,3,1926,530795,100
298,2868,5,3,3,1939,690360,87
299,4347,5,4,1,1995,445340,31
300,4995,2,1,3,1925,286028,101
301,3201,1,4,2,1926,743411,100
302,1471,2,1,3,1961,57176,65
303,1666,2,1,1,1982,927742,44
304,3274,2,4,1,1949,826653,77
305,2482,3,4,2,1941,508034,85
306,1353,5,1,1,1928,563611,98
307,4646,4,2,1,1938,199748,88
308,4236,4,2,2,1959,95177,67
309,4269,3,4,3,1940,533512,86
310,1074,2,3,2,1932,160623,94
311,3761,3,2,3,1982,575285,44
312,1648,3,4,2,2000,502546,26
313,2215,1,2,3,1982,546184,44
314,4354,5,3,2,1996,694467,30
315,2991,4,4,3,2010,297439,16
316,3160,2,3,2,1915,694691,111
317,3624,4,4,3,1922,978735,104
318,3551,4,3,2,1906,145287,120
319,504,5,2,1,1925,169574,101
320,1376,4,2,3,1995,830751,31
321,1491,4,3,2,1911,171509,115
322,4642,3,3,3,1971,397591,55
323,4864,5,3,3,1904,945954,122
324,4965,1,4,2,2005,499181,21
325,1135,2,2,3,1991,393288,35
326,2193,4,4,2,2016,822793,10
327,2182,2,2,1,1968,242589,58
328,619,1,1,3,1948,929125,78
329,1330,2,4,1,1925,406459,101
330,4175,1,2,3,1904,538720,122
331,1869,3,2,3,1921,863819,105
332,1240,4,4,3,1978,54090,48
333,616,1,4,2,1912,957278,114
334,3338,2,2,1,1927,468161,99
335,1650,4,4,3,1932,876671,94
336,2431,3,3,2,2006,53743,20
337,1512,4,4,3,1922,80924,104
338,2164,1,4,2,1996,191268,30
339,1581,3,4,3,2006,966592,20
340,1012,2,2,1,1917,928247,109
341,3349,3,3,1,2013,679600,13
342,1059,3,1,3,2016,381004,10
343,4172,5,1,2,1929,790537,97
344,3843,3,3,3,1925,798378,101
345,4570,3,3,2,1915,279602,111
346,1970,4,3,3,1976,392543,50
347,1080,2,2,2,1938,885227,88
348,2794,4,1,1,1932,887985,94
349,3647,4,3,3,1925,558928,101
350,4749,1,2,1,1947,153976,79
351,2179,4,1,1,1964,205183,62
352,4006,5,4,3,2012,687854,14
353,3244,5,2,3,1937,307443,89
354,3856,1,1,2,1901,694256,125
355,4545,2,2,2,2012,111600,14
356,1743,2,1,1,1905,624310,121
357,3618,4,1,2,1945,708559,81
358,2641,4,4,2,1949,887329,77
359,3559,4,2,3,1937,874470,89
360,3459,2,3,2,2005,173323,21
361,2765,3,4,1,1987,236110,39
362,2979,5,4,2,1917,694566,109
363,2135,3,1,1,1926,947486,100
364,2257,3,3,3,1940,320041,86
365,4952,2,2,1,1971,638829,55
366,2570,3,3,2,1991,156968,35
367,3349,1,3,3,1973,589180,53
368,3751,4,3,2,1916,975775,110
369,4230,1,3,3,2018,74815,8
370,2989,5,3,3,1961,882044,65
371,2131,4,1,2,1928,476573,98
372,3316,3,1,2,1957,518304,69
373,1515,5,4,3,1969,852699,57
374,1848,4,1,3,1977,854700,49
375,3587,3,4,2,1921,688751,105
376,3339,1,4,1,2017,981767,9
377,835,4,2,2,1905,514151,121
378,1395,3,3,3,1925,931779,101
379,4046,1,1,2,1938,240732,88
380,1351,5,2,1,1911,246599,115
381,2187,5,1,2,1998,244451,28
382,2431,5,4,3,1913,406686,113
383,4246,5,1,2,1921,746631,105
384,2927,2,3,3,1950,378756,76
385,2068,4,4,3,1922,188307,104
386,4500,4,4,2,1947,138757,79
387,3238,2,2,3,1970,459633,56
388,3998,3,3,3,2003,934507,23
389,4413,3,4,1,1949,346753,77
390,1566,5,3,1,1988,939217,38
391,4880,1,1,1,1912,304200,114
392,2944,3,3,1,1984,597933,42
393,4607,1,4,3,2004,506089,22
394,3873,4,2,2,1909,769918,117
395,4469,1,4,3,2016,374377,10
396,3046,4,3,3,1954,423587,72
397,1253,2,3,3,2022,204473,4
398,2582,2,4,2,1908,844203,118
399,3274,5,3,1,1978,517667,48
400,3396,3,1,3,1951,522650,75
401,4685,5,4,3,1901,510665,125
402,1275,4,2,1,1924,414745,102
403,2125,5,4,3,1912,535820,114
404,3569,1,1,2,1997,445158,29
405,917,4,1,3,1950,725748,76
406,614,2,1,3,1957,961656,69
407,1116,3,1,1,1933,657539,93
408,4474,4,1,3,1934,631330,92
409,3767,4,2,3,2001,890172,25
410,1325,1,3,2,1902,246945,124
411,2016,3,1,1,2005,621312,21
412,3646,2,1,1,2019,728810,7
413,912,4,4,2,1958,631253,68
414,1228,4,2,3,1969,322201,57
415,3848,1,2,1,2018,798609,8
416,3308,5,3,1,1947,845415,79
417,1175,2,2,3,1963,442613,63
418,3965,3,4,3,2012,594283,14
419,3004,4,4,1,1918,164587,108
420,3467,4,3,3,1966,283076,60
421,3286,2,4,1,1981,796988,45
422,1622,5,1,3,2002,520897,24
423,4579,4,1,3,1972,88886,54
424,2071,2,4,2,2015,401169,11
425,2643,1,3,3,1975,539788,51
426,2187,5,2,2,1904,145149,122
427,4632,3,3,3,1966,668308,60
428,4351,4,2,1,1910,576961,116
429,3940,2,4,1,2020,913945,6
430,4266,1,4,3,1993,73466,33
431,2826,3,1,3,1967,287626,59
432,3414,2,2,1,1968,928977,58
433,4452,2,3,3,1900,559966,126
434,1095,3,4,2,1990,624694,36
435,1228,1,3,2,1991,446904,35
436,1865,1,1,2,1962,643572,64
437,4992,5,2,2,1928,810006,98
438,1198,4,2,2,1981,951011,45
439,895,3,4,3,1911,587953,115
440,4671,3,2,3,1976,594929,50
441,4860,3,4,2,1940,475716,86
442,3002,1,1,3,1901,610085,125
443,2319,4,2,3,1936,790126,90
444,1217,5,4,2,1944,358094,82
445,3282,2,3,3,1979,992550,47
446,4077,2,4,3,1947,965986,79
447,643,3,2,3,1923,676627,103
448,3640,4,1,2,1998,687719,28
449,4991,1,2,3,1921,282275,105
450,3438,4,2,1,1999,452854,27
451,4136,4,4,1,1910,857605,116
452,3722,1,3,2,2018,718582,8
453,1667,3,2,1,1957,231136,69
454,3116,4,3,2,1945,218082,81
455,1562,2,4,1,1928,303301,98
456,2656,1,3,1,1934,592383,92
457,3482,5,4,1,2011,173554,15
458,3794,3,1,2,2017,444655,9
459,1656,1,3,2,1914,962046,112
460,1232,5,3,3,1959,809277,67
461,4830,5,1,2,1994,528766,32
462,1453,4,3,1,1941,972879,85
463,3039,4,1,1,2004,663311,22
464,3824,4,2,2,1942,681469,84
465,3801,1,4,2,1979,272310,47
466,2042,1,1,2,1973,857032,53
467,1691,3,3,3,1948,838898,78
468,3493,4,1,1,1963,830637,63
469,3181,5,3,3,1931,549344,95
470,1717,2,2,3,1963,750457,63
471,2040,3,1,1,2014,946366,12
472,3736,1,2,1,1901,627564,125
473,2886,3,4,2,1923,493333,103
474,4219,3,3,2,1986,490187,40
475,1888,3,3,3,1965,319072,61
476,2356,3,2,2,1937,891741,89
477,1865,2,4,2,1930,255719,96
478,999,4,1,1,2014,746248,12
479,2180,5,1,1,2003,800385,23
480,1010,3,3,2,1925,749192,101
481,4812,3,2,1,1928,166196,98
482,1824,3,2,2,1966,59404,60
483,1655,4,1,1,2021,476855,5
484,2327,1,4,1,1977,783478,49
485,3641,1,4,1,1924,503814,102
486,3986,2,1,1,1947,687475,79
487,2310,1,1,2,1964,946881,62
488,3423,3,2,3,1952,601972,74
489,2714,3,4,1,1966,642879,60
490,4686,3,1,2,2017,431965,9
491,1213,2,1,2,1989,783082,37
492,4102,3,3,1,1917,314826,109
493,4634,1,1,3,1908,161186,118
494,4022,4,1,1,1937,817469,89
495,4768,4,4,2,1986,596120,40
496,1743,5,2,3,1920,591285,106
497,4209,1,4,2,2020,346784,6
498,1581,3,2,1,1964,520098,62
499,955,4,3,3,1920,90491,106
500,1394,1,1,2,1926,113043,100
501,1884,4,3,2,2005,948607,21
502,2458,3,2,2,2022,178568,4
503,3572,4,4,1,1969,426394,57
504,2496,5,4,3,2018,647013,8
505,4785,5,3,1,1943,178131,83
506,1004,4,2,1,1999,95520,27
507,1714,1,3,1,1927,375063,99
508,2031,1,3,3,1944,684157,82
509,3940,1,1,1,1916,638730,110
510,1323,4,3,1,2022,835313,4
511,1428,1,1,1,1939,202842,87
512,633,3,1,1,2021,417390,5
513,2605,5,4,2,2015,752858,11
514,4127,3,1,1,1902,421831,124
515,2352,1,1,2,1975,572485,51
516,4675,3,4,1,2002,697735,24
517,3433,1,3,3,1975,635765,51
518,3784,4,2,2,1965,574532,61
519,4798,3,2,2,2019,915885,7
520,3311,4,2,2,1945,500953,81
521,1750,4,3,2,1985,227561,41
522,4012,2,1,3,1986,964394,40
523,1756,1,2,1,1929,907735,97
524,3876,5,3,2,1968,340534,58
525,3986,1,1,3,1908,584535,118
526,4084,5,4,2,1984,250123,42
527,1896,1,2,1,1910,765079,116
528,4137,4,1,2,1968,477894,58
529,3830,3,2,3,1998,531018,28
530,3203,3,2,1,1990,257358,36
531,970,2,2,3,2012,866015,14
532,1853,5,1,1,1965,566456,61
533,3283,5,3,1,1987,189148,39
534,3331,5,1,1,1930,985510,96
535,857,4,2,2,1932,196123,94
536,3519,5,1,3,1938,447530,88
537,1167,3,4,3,1993,602958,33
538,4968,4,3,3,1945,543973,81
539,1645,1,1,1,1936,961352,90
540,4685,5,4,2,2014,60236,12
541,4219,5,3,1,1991,85568,35
542,3245,1,4,3,1959,681615,67
543,1039,5,3,2,1930,305745,96
544,3279,1,1,2,1910,422332,116
545,4636,4,4,2,1986,535119,40
546,4275,3,2,3,2020,328496,6
547,3008,1,4,2,1901,700009,125
548,3279,2,3,2,2003,309291,23
549,1424,1,1,1,2004,488866,22
550,3456,5,3,1,1926,453562,100
551,2081,4,4,2,1998,730516,28
552,3824,4,4,2,1901,105904,125
553,4985,1,2,1,2002,981539,24
554,755,3,1,1,2000,958573,26
555,2338,2,1,1,1920,328252,106
556,2444,4,4,3,1957,572247,69
557,509,5,1,3,1904,839285,122
558,3371,5,2,1,1951,396300,75
559,1297,3,3,2,1944,316320,82
560,1515,4,1,1,1984,674747,42
561,2324,1,4,3,1992,469136,34
562,4969,5,3,2,1919,235922,107
563,3636,3,3,3,1960,187901,66
564,2693,4,2,2,1937,173225,89
565,723,4,4,3,1919,543406,107
566,4658,4,1,2,2013,810135,13
567,4425,4,4,2,1924,271738,102
568,4500,4,3,2,1901,954890,125
569,2133,5,4,2,2020,685181,6
570,2652,3,1,3,1931,910359,95
571,1010,4,1,3,1925,528076,101
572,884,2,2,2,1969,954610,57
573,904,2,1,2,1940,292726,86
574,2500,3,1,3,2020,352811,6
575,3256,1,4,2,1966,771202,60
576,2168,1,4,2,1996,479059,30
577,1960,1,3,2,1900,756168,126
578,4136,2,2,1,1950,473759,76
579,3224,1,4,2,1904,515996,122
580,4678,5,1,1,1912,56611,114
581,2548,4,3,2,1918,400386,108
582,4646,2,4,3,1911,921044,115
583,1216,3,2,1,1947,883334,79
584,2323,3,2,1,1924,821812,102
585,2581,4,3,2,1956,345187,70
586,3919,2,3,2,2014,186343,12
587,2074,1,3,1,1934,909299,92
588,749,1,3,3,1975,389233,51
589,1173,5,3,3,1993,895177,33
590,2665,5,1,2,1904,540092,122
591,1270,1,1,3,1997,240191,29
592,4462,3,4,3,1921,716933,105
593,4863,3,2,2,2002,726769,24
594,2484,5,1,3,1976,922402,50
595,1577,4,1,2,1956,336608,70
596,735,1,1,1,1946,299220,80
597,888,5,4,2,1953,486056,73
598,3537,5,3,1,1902,692811,124
599,2348,1,4,1,2023,594950,3
600,3314,1,2,3,1952,854660,74
601,3874,3,2,3,1983,635009,43
602,3778,4,2,3,1930,712746,96
603,1752,4,2,2,1968,843294,58
604,4481,1,1,3,1987,614396,39
605,2622,2,1,1,2003,141788,23
606,2650,5,4,3,2017,518239,9
607,1829,5,3,3,1932,294437,94
608,1858,1,2,2,1971,811299,55
609,2982,2,4,2,1987,916572,39
610,2517,3,1,1,1949,732561,77
611,1831,1,1,2,1983,905010,43
612,4844,1,3,3,2023,99966,3
613,4761,5,3,2,1915,235846,111
614,1858,1,3,1,2013,322530,13
615,3677,1,4,3,2015,651516,11
616,2628,1,1,1,1975,196297,51
617,2680,5,1,2,1976,459909,50
618,637,3,3,2,2008,384341,18
619,3972,3,2,1,2005,93021,21
620,3332,1,3,3,1938,431059,88
621,4079,5,4,2,1988,199333,38
622,3531,3,3,2,1945,470594,81
623,4664,3,3,3,1995,953606,31
624,3093,3,4,2,1987,826934,39
625,4800,5,3,1,2011,136755,15
626,4318,5,1,2,1946,979441,80
627,4638,1,2,2,1943,116330,83
628,4323,4,3,3,1908,752726,118
629,4542,3,4,1,2003,908754,23
630,2406,4,2,3,2013,938750,13
631,1260,5,4,2,1986,619601,40
632,3945,5,2,2,1949,284729,77
633,1399,5,2,3,1976,807071,50
634,4955,4,3,3,1959,339176,67
635,3447,5,1,3,2022,535179,4
636,2219,1,3,1,1995,198430,31
637,780,5,4,2,2013,898142,13
638,3766,2,4,3,1914,407470,112
639,2387,4,2,2,1935,398301,91
640,3766,2,2,1,2012,492037,14
641,1166,5,1,1,1962,78365,64
642,4688,1,3,1,1968,325333,58
643,1171,3,4,1,1985,519965,41
644,2469,5,2,2,1979,581536,47
645,4656,1,1,1,1940,54369,86
646,3622,4,4,1,1973,506979,53
647,4400,2,2,3,1923,975554,103
648,1023,2,4,1,1981,865037,45
649,2893,2,1,3,1948,886048,78
650,3617,4,1,1,1917,497695,109
651,3093,1,4,1,1906,415863,120
652,2468,4,3,3,1903,221955,123
653,2253,2,4,1,1989,607343,37
654,2796,5,2,2,1968,774091,58
655,2761,3,3,2,1959,428824,67
656,2786,4,2,1,1954,319594,72
657,4702,4,4,2,1915,183997,111
658,3378,1,3,3,1998,523267,28
659,4643,1,2,1,1989,100272,37
660,4144,4,4,1,1981,55310,45
661,4932,2,4,3,1928,81817,98
662,2555,3,3,3,1922,558350,104
663,1776,1,4,3,2016,536160,10
664,3266,2,1,1,1913,487744,113
665,802,5,2,3,1978,790176,48
666,1138,1,2,3,1948,132641,78
667,555,2,4,2,1932,789443,94
668,1025,2,4,2,1924,781670,102
669,4623,3,1,1,1920,589745,106
670,2625,3,3,2,1916,92311,110
671,3787,5,4,2,1922,971484,104
672,864,2,4,3,1956,201958,70
673,2146,2,4,3,2006,520328,20
674,1418,3,4,2,1980,494093,46
675,3297,1,2,2,1957,697861,69
676,2031,1,4,2,1913,409571,113
677,3845,4,2,1,1992,872613,34
678,2406,3,4,1,1919,214334,107
679,3586,4,3,1,1929,968451,97
680,2575,3,1,2,1918,443238,108
681,1213,5,3,2,1952,837560,74
682,1562,2,4,1,2002,653810,24
683,2476,5,4,1,1955,213394,71
684,1796,3,4,2,1976,98929,50
685,625,2,3,3,1981,655984,45
686,4096,1,4,1,1922,427389,104
687,3783,1,3,2,1961,846240,65
688,2103,4,2,2,2009,669436,17
689,566,3,1,3,1932,496098,94
690,732,3,1,2,2002,858157,24
691,2656,1,3,2,2003,384678,23
692,1669,5,2,1,1917,352094,109
693,2658,2,3,1,1972,794314,54
694,4706,5,2,3,1932,133576,94
695,1993,5,4,3,1931,70557,95
696,4507,1,2,2,1960,596113,66
697,2972,1,2,1,1953,321142,73
698,3160,1,2,3,1916,86080,110
699,3239,4,1,3,1918,833103,108
700,2261,5,2,3,1990,238869,36
701,4014,3,4,2,1969,721162,57
702,2475,2,4,1,1998,978671,28
703,2862,4,4,3,2019,543844,7
704,1376,3,2,1,2000,616695,26
705,4312,5,3,3,1933,170283,93
706,3948,1,3,3,1983,63338,43
707,1812,5,4,1,1924,650577,102
708,1960,2,1,1,1967,514736,59
709,3209,4,3,1,1973,724255,53
710,2824,4,2,2,1973,228982,53
711,2233,2,3,3,1987,967461,39
712,2105,3,4,2,1984,159367,42
713,3063,3,1,1,1910,378042,116
714,3921,4,3,3,1990,970958,36
715,4017,4,3,2,1915,691774,111
716,2897,1,4,3,1989,398684,37
717,4235,3,1,2,1960,544775,66
718,3370,2,1,1,1993,788497,33
719,1660,3,4,2,2012,493853,14
720,742,1,2,3,1979,830343,47
721,3090,4,3,3,1906,710709,120
722,1563,4,2,3,1915,961848,111
723,4824,1,3,3,1998,876395,28
724,3095,2,3,1,2021,450966,5
725,1419,4,2,2,1915,407073,111
726,505,5,4,1,1939,727823,87
727,967,4,4,1,1911,649223,115
728,4670,5,3,1,1934,764152,92
729,503,1,4,3,2012,850118,14
730,1145,1,3,3,1920,549555,106
731,617,4,4,3,1949,113528,77
732,3428,3,3,2,1942,674099,84
733,3051,5,4,3,1999,558907,27
734,4789,2,1,2,2011,334931,15
735,1346,4,2,3,1916,982280,110
736,3262,2,1,3,1931,427757,95
737,1641,4,2,1,1940,762787,86
738,2310,3,2,1,1905,834429,121
739,1223,3,3,1,1987,154887,39
740,724,3,2,2,1926,111086,100
741,4708,3,1,2,1919,938663,107
742,2548,1,1,3,1924,305494,102
743,4915,1,4,2,1965,558889,61
744,2073,5,1,3,1908,637596,118
745,2328,2,4,2,1991,327941,35
746,2417,4,2,2,1952,317446,74
747,4734,4,1,2,1960,506388,66
748,2526,1,2,1,1937,612347,89
749,4244,4,1,2,1902,181980,124
750,1401,1,1,1,1983,765612,43
751,2539,5,4,1,1969,523875,57
752,509,2,2,2,2002,193949,24
753,760,5,1,3,1996,326383,30
754,2173,3,3,3,1954,77313,72
755,2719,3,2,3,1900,92103,126
756,2560,3,2,2,2000,229480,26
757,4213,5,2,3,1969,526467,57
758,2119,4,4,1,1944,138771,82
759,820,2,3,3,1997,176228,29
760,1842,3,2,2,1946,141665,80
761,2876,3,1,3,1978,846966,48
762,3332,3,1,1,2008,879492,18
763,3324,2,4,2,1925,853621,101
764,2494,3,1,3,2020,964863,6
765,3458,2,2,2,1913,660355,113
766,2538,3,1,2,2021,847399,5
767,3990,5,2,2,1953,787351,73
768,4177,5,1,3,1970,901995,56
769,1618,2,3,2,1945,320804,81
770,2104,5,4,3,2021,430815,5
771,4527,2,4,1,1930,534091,96
772,735,5,3,3,1987,179909,39
773,2469,5,3,1,1958,483039,68
774,4929,2,4,3,1994,499058,32
775,2408,4,3,2,1928,190688,98
776,875,5,2,3,2005,125976,21
777,4030,3,1,2,1995,807496,31
778,3135,4,4,1,1916,229810,110
779,2070,2,3,3,1913,325251,113
780,3060,4,2,2,2003,766764,23
781,3891,1,4,1,1935,668470,91
782,3465,1,3,1,1957,817441,69
783,4143,5,4,3,2011,928219,15
784,4350,5,3,1,1923,852386,103
785,1372,3,4,2,2008,329087,18
786,1752,4,2,1,1962,90725,64
787,1814,1,2,1,2017,881866,9
788,3398,5,1,2,1990,922183,36
789,577,4,4,1,1924,584398,102
790,3121,5,1,1,1958,548864,68
791,4727,5,4,1,1931,328606,95
792,1100,1,3,1,2015,391376,11
793,1565,1,3,2,1981,759441,45
794,2636,5,1,1,2009,496015,17
795,2949,2,4,2,1917,640855,109
796,2843,5,1,1,1936,532517,90
797,2363,5,2,1,1925,756584,101
798,1818,3,1,1,1908,439569,118
799,4097,3,1,1,2023,892495,3
800,4262,3,3,2,1998,163394,28
801,2690,2,1,2,1963,891672,63
802,1492,2,4,2,1971,917784,55
803,3212,5,3,3,1919,198940,107
804,2692,3,1,1,1953,393133,73
805,1748,2,2,1,2005,72222,21
806,3554,1,1,2,1985,129794,41
807,4533,5,1,3,1982,638212,44
808,2497,4,1,1,1929,674142,97
809,4187,5,3,2,1952,914945,74
810,2651,4,4,1,1991,834326,35
811,4518,3,2,1,1998,891081,28
812,3610,4,1,2,2006,415130,20
813,2470,3,4,2,1962,818103,64
814,697,1,4,1,1910,920181,116
815,3126,4,3,1,1930,283127,96
816,1702,5,2,2,1948,554434,78
817,2535,3,3,1,2011,191295,15
818,977,5,4,1,2002,229238,24
819,1754,2,4,2,1999,89369,27
820,1422,3,4,1,1993,922811,33
821,919,4,3,1,1986,905824,40
822,2704,3,2,3,1918,849093,108
823,3097,5,1,2,1911,720951,115
824,1620,1,3,3,1914,383862,112
825,3568,3,4,3,1930,760595,96
826,1450,4,3,3,1942,320114,84
827,2836,2,4,1,2000,97922,26
828,2743,1,1,1,1936,543614,90
829,3145,2,1,3,1978,867187,48
830,2357,3,2,3,1928,695214,98
831,2365,5,4,3,2013,69416,13
832,3412,5,2,1,2006,63672,20
833,3353,4,2,3,1925,526684,101
834,3728,5,1,3,2007,178145,19
835,4219,1,3,2,1901,752356,125
836,3728,5,3,2,1983,910527,43
837,2871,4,2,1,1914,50064,112
838,3391,3,1,2,2015,118835,11
839,4256,3,4,2,1903,251457,123
840,4725,5,3,2,1985,973143,41
841,594,2,2,1,1949,297795,77
842,3174,3,3,2,1937,454271,89
843,2455,5,3,1,1922,399738,104
844,1293,4,4,3,1958,996931,68
845,2334,5,1,2,1989,691204,37
846,2616,3,4,1,2014,956740,12
847,4606,4,1,2,1974,918948,52
848,3825,5,3,3,1927,901098,99
849,3419,1,2,1,2019,245346,7
850,3097,4,4,1,1965,954726,61
851,3705,1,1,1,2022,323010,4
852,1314,2,3,3,1907,53889,119
853,845,4,1,3,1928,168194,98
854,2849,1,1,3,1910,174714,116
855,862,3,1,1,2000,605623,26
856,2943,3,3,3,1917,100547,109
857,2765,2,2,2,1954,207234,72
858,2688,4,2,3,1949,794809,77
859,3505,4,2,1,1913,730047,113
860,3781,4,1,2,2017,935188,9
861,1484,2,3,3,1973,323139,53
862,2139,4,1,2,1998,499704,28
863,1327,3,2,2,1908,52631,118
864,3230,1,2,1,1998,187039,28
865,4031,3,3,2,1910,924726,116
866,4951,3,1,2,1962,399422,64
867,3435,1,4,1,2007,638759,19
868,4376,3,4,1,1975,349260,51
869,626,2,2,1,1966,928548,60
870,3677,1,3,2,1952,477443,74
871,3556,3,1,2,1938,707302,88
872,1103,5,1,2,1977,621952,49
873,3949,3,2,1,1955,733429,71
874,4646,2,2,3,1927,137342,99
875,4033,4,1,2,1974,64407,52
876,3867,3,1,3,1938,163926,88
877,3868,4,2,1,1924,371345,102
878,4297,5,1,2,1920,916525,106
879,2292,3,4,3,1909,497564,117
880,3361,1,2,2,1942,787341,84
881,3976,4,1,2,1914,592166,112
882,3917,5,2,2,1982,133100,44
883,2145,1,3,3,1947,915061,79
884,1705,1,2,1,1985,498636,41
885,3530,1,2,2,1920,544308,106
886,3372,1,3,1,1959,273059,67
887,3572,3,4,1,2015,617456,11
888,2354,3,1,3,2007,300396,19
889,4521,3,3,3,1995,824769,31
890,3208,5,2,1,1949,367006,77
891,4002,5,1,2,1922,78004,104
892,1832,5,3,3,1912,856903,114
893,701,2,1,2,1968,574252,58
894,4007,5,1,2,1903,666108,123
895,4712,3,3,2,1991,241239,35
896,1074,3,1,1,1977,676517,49
897,1036,2,4,2,1971,527044,55
898,2125,2,3,1,1908,901740,118
899,2622,5,4,1,2020,396113,6
900,885,4,2,2,2014,64568,12
901,3781,2,1,2,1934,583754,92
902,974,1,2,2,2000,272129,26
903,917,3,2,2,1920,631612,106
904,4100,1,1,1,1957,938640,69
905,1454,3,3,2,1917,196539,109
906,1705,3,1,2,1996,650243,30
907,4620,2,2,1,1971,197748,55
908,2490,2,2,3,2014,144791,12
909,4072,1,3,3,2012,736874,14
910,4880,3,1,1,1980,945150,46
911,4658,1,2,3,1942,596938,84
912,3213,4,4,1,1994,400434,32
913,2703,1,2,2,1997,127701,29
914,3620,5,2,2,1905,847115,121
915,1466,1,3,3,1985,279164,41
916,3932,5,4,2,1977,503035,49
917,1188,5,2,3,1966,655266,60
918,4743,5,2,3,1911,579148,115
919,4201,4,4,2,1999,709089,27
920,841,1,1,2,1911,605639,115
921,2224,1,1,3,2008,555920,18
922,4922,4,2,2,1965,374888,61
923,2292,3,2,1,1901,729706,125
924,2259,2,1,2,1914,956630,112
925,3712,1,3,2,1922,910587,104
926,1489,2,4,1,1928,171449,98
927,2762,4,4,2,1980,650988,46
928,2982,3,3,2,1995,809774,31
929,1451,3,3,3,1906,843387,120
930,1222,3,3,2,1993,307571,33
931,3889,4,3,2,1927,513506,99
932,2579,5,3,1,1913,487509,113
933,3217,5,3,3,1943,766696,83
934,2832,2,4,3,1929,858094,97
935,3876,5,3,3,1980,580696,46
936,2000,5,1,2,1931,745763,95
937,785,3,3,3,2009,313369,17
938,3995,3,3,1,1969,979700,57
939,2565,2,4,3,2014,513002,12
940,1268,1,4,1,1987,196444,39
941,3557,2,3,3,1905,831608,121
942,4789,2,4,3,1926,591567,100
943,2661,4,2,1,1981,160401,45
944,3793,4,4,3,1987,276801,39
945,1446,2,4,3,2000,821668,26
946,3835,2,4,3,2019,553575,7
947,4650,2,4,2,1923,928836,103
948,1981,5,1,1,2001,219259,25
949,2401,4,1,3,1933,297145,93
950,3951,2,1,1,1939,360625,87
951,4564,3,3,1,1946,733835,80
952,554,3,3,1,1978,94552,48
953,2323,5,2,3,1974,249041,52
954,3962,5,1,3,1985,257606,41
955,3579,1,3,1,2017,804965,9
956,1332,1,4,2,1923,836157,103
957,4908,1,4,1,1964,450074,62
958,3306,5,1,2,1917,779846,109
959,2990,5,2,1,1943,124474,83
960,827,5,2,1,1975,337312,51
961,3810,3,4,1,1956,606387,70
962,3800,5,2,3,2006,252252,20
963,4175,3,1,2,1927,814742,99
964,3554,1,4,2,2003,373599,23
965,2643,1,3,1,2023,628528,3
966,1811,1,3,3,1970,386940,56
967,3691,2,2,3,1922,891024,104
968,3038,2,4,2,1984,835034,42
969,4483,4,4,3,1933,434325,93
970,664,4,3,2,1910,302051,116
971,4777,4,4,2,1985,151611,41
972,1322,2,4,2,2005,632334,21
973,1443,2,4,3,1934,824756,92
974,4925,4,2,2,2015,66488,11
975,1274,4,4,2,1992,239913,34
976,2698,5,1,1,1941,430665,85
977,3656,4,2,2,1927,967899,99
978,4742,5,4,2,2022,758029,4
979,4195,3,4,1,1981,716205,45
980,3952,2,1,1,1977,741419,49
981,1414,4,2,3,1981,68394,45
982,1808,2,3,2,1991,930425,35
983,4677,2,3,3,1923,226978,103
984,1013,2,2,3,1907,109332,119
985,2420,3,4,1,2005,218377,21
986,4094,1,4,3,2017,92628,9
987,1909,4,3,2,2008,857784,18
988,3690,1,3,1,1952,529898,74
989,4991,1,3,2,1971,919403,55
990,2055,1,1,2,1903,101993,123
991,1304,2,3,1,1990,220458,36
992,1779,5,1,2,1999,939459,27
993,4077,2,2,1,1904,500281,122
994,3401,2,4,2,1996,956644,30
995,1887,1,3,1,1948,528720,78
996,3261,2,4,3,1997,556357,29
997,3179,1,4,2,1929,58539,97
998,2606,5,3,1,1971,182335,55
999,4723,4,3,2,2002,456521,24
1000,3268,1,2,2,1962,890249,64
1001,4453,5,1,2,1946,991902,80
1002,3686,4,1,1,1925,290310,101
1003,3780,3,4,3,1956,256873,70
1004,3073,1,3,3,1936,361251,90
1005,3099,1,2,3,1997,999656,29
1006,4533,3,2,1,1906,536476,120
1007,736,3,2,3,1939,998128,87
1008,1804,1,2,1,1991,965672,35
1009,3930,3,2,2,1938,411799,88
1010,1801,2,1,2,1961,630420,65
1011,3041,4,1,3,2002,962133,24
1012,2551,4,1,1,1991,155494,35
1013,941,4,3,2,1977,889411,49
1014,2576,2,4,1,1952,894445,74
1015,3680,3,2,1,2013,275997,13
1016,3157,5,3,2,2001,638085,25
1017,4298,3,2,1,1903,101798,123
1018,1304,1,1,2,2005,722010,21
1019,574,4,3,2,1981,469230,45
1020,2675,3,1,2,2007,650709,19
1021,4424,5,2,1,2011,319578,15
1022,2589,1,2,2,1924,866460,102
1023,540,2,4,1,1906,640846,120
1024,2581,2,2,2,2001,860763,25
1025,2122,5,1,2,1927,117573,99
1026,841,1,2,3,1968,703761,58
1027,4552,4,4,3,1966,517508,60
1028,2574,3,4,3,2007,227398,19
1029,1145,1,1,1,1994,395123,32
1030,4763,2,3,1,2010,840555,16
1031,1109,5,2,2,2005,328747,21
1032,954,5,4,2,2021,378085,5
1033,3453,3,2,2,1919,92597,107
1034,2208,5,2,2,1982,768598,44
1035,3972,5,3,1,2011,920670,15
1036,3469,1,4,2,2023,485935,3
1037,3528,4,2,2,1910,797146,116
1038,3181,3,4,3,2003,353895,23
1039,4129,1,1,2,1966,962894,60
1040,4725,4,1,2,1986,136978,40
1041,3567,1,2,2,1906,329837,120
1042,1886,1,4,1,1922,532757,104
1043,4276,5,2,3,1960,218769,66
1044,3366,4,4,2,1970,406668,56
1045,3863,3,4,2,2009,410013,17
1046,4624,3,3,3,1933,735352,93
1047,648,4,3,2,2005,375969,21
1048,4350,5,3,1,1918,714882,108
1049,2558,2,2,2,1957,442619,69
1050,1636,1,3,1,1908,881838,118
1051,686,5,3,1,1947,288078,79
1052,3354,4,1,2,2014,290140,12
1053,1750,1,4,3,1981,717481,45
1054,1833,3,4,1,1940,697659,86
1055,4693,2,3,3,1947,457435,79
1056,4650,3,4,2,1944,838049,82
1057,3211,4,1,1,2005,93016,21
1058,2285,1,1,2,1924,493888,102
1059,1250,4,3,3,2015,336420,11
1060,2262,1,1,2,1977,805247,49
1061,4420,5,4,2,2007,384384,19
1062,4960,2,2,1,1924,942724,102
1063,981,5,4,2,1918,236807,108
1064,653,5,2,2,1938,592247,88
1065,2024,4,3,2,2018,602810,8
1066,2620,2,2,1,1978,499303,48
1067,2843,1,1,3,1979,453169,47
1068,1740,1,4,3,1926,76567,100
1069,560,3,2,2,2003,503739,23
1070,1438,1,4,1,1973,112708,53
1071,2139,4,3,2,1962,176206,64
1072,4620,5,3,3,1967,596848,59
1073,4726,5,1,1,2014,632678,12
1074,4069,5,3,3,1918,700060,108
1075,1752,2,2,3,1927,511365,99
1076,4703,1,3,1,1984,357248,42
1077,671,4,1,1,2022,632093,4
1078,1958,2,4,2,2010,286109,16
1079,4049,3,4,2,1977,545951,49
1080,4697,4,3,3,1932,336640,94
1081,2822,4,2,1,2011,788661,15
1082,2136,4,1,1,1909,141257,117
1083,3615,5,2,2,1982,53515,44
1084,4590,4,1,3,1929,578742,97
1085,3504,1,3,3,1921,287145,105
1086,829,4,1,2,1902,72873,124
1087,4140,5,1,1,2000,910352,26
1088,4394,4,3,2,2004,325871,22
1089,4607,3,2,2,1981,702664,45
1090,1841,3,3,2,1974,643358,52
1091,4163,5,1,2,1947,935491,79
1092,715,1,3,1,1901,698852,125
1093,838,1,1,2,1975,278497,51
1094,4562,2,3,1,1953,691501,73
1095,3208,5,4,2,1905,755339,121
1096,3652,4,4,3,2006,599753,20
1097,2250,5,3,1,2022,234972,4
1098,2921,2,2,3,1939,634087,87
1099,1209,5,1,2,2007,560237,19
1100,4226,5,4,2,1992,670417,34
1101,4142,2,2,2,2022,464546,4
1102,4493,1,1,1,1993,713662,33
1103,988,4,4,3,1901,419432,125
1104,546,2,4,1,1972,293761,54
1105,3859,3,3,1,2010,292821,16
1106,900,1,1,2,1901,62875,125
1107,4490,3,2,3,1992,601507,34
1108,3657,1,2,2,1996,872614,30
1109,4845,4,2,1,1973,785901,53
1110,890,4,1,2,1997,485485,29
1111,4353,5,2,3,2007,391925,19
1112,4930,3,2,2,1954,56457,72
1113,1128,1,2,3,1971,974253,55
1114,4732,4,3,3,2000,83064,26
1115,3430,2,3,2,2017,977325,9
1116,2021,4,1,1,1959,689544,67
1117,1326,2,1,2,1996,934729,30
1118,2000,1,2,1,2010,808947,16
1119,3794,4,3,1,1905,259727,121
1120,2919,4,4,2,2007,975168,19
1121,1434,1,4,1,2003,210353,23
1122,3542,4,2,1,2008,832351,18
1123,4997,2,2,2,1918,286887,108
1124,1966,4,3,2,1995,475037,31
1125,4061,3,3,2,1926,809129,100
1126,1114,5,3,1,1900,992151,126
1127,1682,2,1,3,2006,644206,20
1128,3723,3,1,1,2015,263057,11
1129,3167,1,2,3,1932,526015,94
1130,630,2,1,2,1939,926611,87
1131,3483,5,3,3,1931,387088,95
1132,4778,5,3,2,1968,139142,58
1133,4959,1,1,2,1916,77603,110
1134,538,1,4,3,1907,882890,119
1135,4459,2,2,2,1956,120605,70
1136,4087,4,4,3,1941,331767,85
1137,1420,1,2,2,1997,618728,29
1138,3269,4,4,1,1908,918859,118
1139,4611,3,1,1,2019,975208,7
1140,992,5,2,2,1986,405970,40
1141,1631,4,2,2,1934,339604,92
1142,4021,5,2,3,2013,264117,13
1143,810,4,3,1,1970,788165,56
1144,1238,3,3,3,1978,516727,48
1145,3741,1,4,2,1952,160373,74
1146,1045,3,1,2,1953,974069,73
1147,2961,1,3,3,1983,317014,43
1148,4846,1,2,2,2013,68909,13
1149,2304,5,3,1,1924,321261,102
1150,3712,3,1,3,1966,299975,60
1151,4310,4,3,1,2023,903906,3
1152,1313,3,2,1,1961,668214,65
1153,4624,5,4,1,1954,487538,72
1154,2532,1,2,3,1945,177463,81
1155,4913,5,1,2,1923,151536,103
1156,744,2,4,1,1997,856560,29
1157,771,2,3,1,1945,301981,81
1158,4011,4,3,1,1921,540533,105
1159,2271,5,3,2,1910,381145,116
1160,1762,4,4,2,1947,836872,79
1161,2924,4,2,3,1907,230685,119
1162,4861,2,4,2,1938,697779,88
1163,1420,4,4,3,2006,979167,20
1164,3930,2,1,3,1934,547275,92
1165,4935,1,4,3,1948,200619,78
1166,4984,5,3,3,1945,655950,81
1167,3124,4,2,3,1937,810416,89
1168,4260,2,2,1,1907,50005,119
1169,2550,3,2,2,1953,284152,73
1170,4000,4,3,1,1936,319182,90
1171,1665,1,3,3,1990,842846,36
1172,875,1,3,2,1991,530875,35
1173,2533,3,3,1,1939,905938,87
1174,645,2,3,1,1933,913018,93
1175,4888,4,4,3,1995,445822,31
1176,931,2,3,1,1978,852914,48
1177,1204,1,3,1,2007,804189,19
1178,3132,2,3,1,1916,252945,110
1179,4994,1,3,1,1932,608236,94
1180,1463,2,2,1,1946,402131,80
1181,2734,3,3,3,2009,272873,17
1182,2541,5,4,3,1951,272322,75
1183,2328,3,4,1,2017,70875,9
1184,2608,3,4,3,1979,325201,47
1185,4568,5,1,3,1992,82400,34
1186,1438,5,2,2,1908,514674,118
1187,1306,4,3,1,1932,118607,94
1188,1963,4,1,3,1959,923993,67
1189,3915,3,3,3,2012,339647,14
1190,510,3,1,1,1992,466981,34
1191,2368,1,1,2,1976,151096,50
1192,1384,1,4,1,1920,620900,106
1193,4064,4,4,2,1957,934750,69
1194,1889,4,1,1,1984,311538,42
1195,3901,1,4,1,1968,134335,58
1196,4821,1,1,1,1909,413133,117
1197,1324,2,2,1,1905,667300,121
1198,2765,2,4,2,2019,131748,7
1199,1436,1,4,2,2014,976932,12
1200,3300,2,4,3,2020,736779,6
1201,3053,5,2,1,1912,115195,114
1202,4345,4,1,2,1964,779055,62
1203,2296,4,3,2,1919,664134,107
1204,553,1,4,2,1956,676692,70
1205,1226,3,1,1,2010,351286,16
1206,3236,1,2,3,1945,835608,81
1207,3670,2,3,2,1907,121540,119
1208,2413,3,4,1,1909,743649,117
1209,2096,2,2,2,1972,389092,54
1210,2414,5,2,2,2012,895383,14
1211,2966,2,3,3,2004,61755,22
1212,3237,5,1,2,1966,827203,60
1213,1349,5,4,2,1910,430129,116
1214,2609,2,4,1,1911,658841,115
1215,502,2,1,1,1909,184962,117
1216,4755,5,1,3,1924,930808,102
1217,4569,3,1,1,1948,306760,78
1218,1392,5,3,1,1948,67175,78
1219,2530,4,3,3,1988,902119,38
1220,3660,5,4,2,1910,921415,116
1221,2876,3,3,3,1961,531503,65
1222,2433,4,2,1,2017,800071,9
1223,1880,1,4,3,1935,729648,91
1224,4181,1,3,2,1938,96629,88
1225,1790,3,1,3,1952,691067,74
1226,2140,5,2,1,1989,228872,37
1227,3182,2,1,1,1977,742727,49
1228,1487,3,4,3,2002,520970,24
1229,1718,4,1,2,1955,380657,71
1230,1855,4,3,3,2003,657050,23
1231,4765,1,3,2,1900,210094,126
1232,4635,4,4,2,1955,774689,71
1233,2060,3,1,3,2017,969163,9
1234,1918,4,4,2,1903,107941,123
1235,1454,3,1,1,1929,355617,97
1236,1483,2,2,3,1911,760958,115
1237,1474,1,3,2,2019,66040,7
1238,4633,4,4,1,1934,119806,92
1239,4472,3,2,3,1976,718646,50
1240,1413,5,2,1,1951,250211,75
1241,536,1,4,1,1930,686364,96
1242,3887,2,4,1,2001,105916,25
1243,2211,3,2,2,2006,722960,20
1244,3520,2,1,3,1986,445507,40
1245,1295,2,2,3,1967,456339,59
1246,4536,4,4,2,1951,840243,75
1247,3611,4,2,3,1979,605564,47
1248,1824,3,1,1,1906,235217,120
1249,817,5,3,3,1921,917481,105
1250,2896,3,3,2,1992,251750,34
1251,2662,5,2,1,1974,269854,52
1252,3245,2,1,2,1955,796403,71
1253,2091,1,3,1,1996,994218,30
1254,3611,3,2,1,1957,761045,69
1255,4430,3,2,3,1992,717554,34
1256,2496,5,1,1,1963,385206,63
1257,1812,2,4,2,2022,200434,4
1258,1785,2,2,3,2002,890931,24
1259,4811,5,4,2,1911,620569,115
1260,2883,2,4,1,1906,881284,120
1261,3739,4,3,2,2022,836408,4
1262,2639,1,4,2,1954,827981,72
1263,2204,3,1,1,2002,554869,24
1264,862,1,3,3,2005,753196,21
1265,3104,3,3,2,1961,578883,65
1266,2216,4,3,1,2011,670218,15
1267,4951,2,2,3,1989,196474,37
1268,4786,5,2,3,2003,311745,23
1269,4238,4,4,3,1972,770643,54
1270,2969,1,3,2,2004,404820,22
1271,1056,5,3,2,1997,748083,29
1272,1325,2,1,2,2008,232394,18
1273,3308,4,4,3,1976,752124,50
1274,3219,5,1,2,1954,468127,72
1275,4008,4,4,1,2018,796648,8
1276,4241,4,4,2,1935,855837,91
1277,2074,2,2,2,1988,108122,38
1278,4498,3,2,3,1923,804849,103
1279,2629,5,1,2,1943,282661,83
1280,2903,2,4,1,1916,703197,110
1281,3829,4,3,3,1901,315591,125
1282,1088,2,2,1,1912,234215,114
1283,2512,3,3,3,1930,60662,96
1284,2047,5,1,3,1992,506217,34
1285,794,3,2,2,2013,632570,13
1286,2485,1,2,1,1927,448115,99
1287,3617,5,4,3,1959,865014,67
1288,2190,3,1,2,1926,641759,100
1289,1636,4,4,3,1914,697801,112
1290,2564,5,2,3,1994,223285,32
1291,4955,5,1,3,2003,681866,23
1292,1507,2,2,3,1978,912303,48
1293,3014,4,1,3,1932,657493,94
1294,4026,1,2,3,1919,910513,107
1295,1747,3,3,2,1941,942215,85
1296,4402,2,3,3,1911,284631,115
1297,1935,3,4,1,2000,133805,26
1298,1071,1,3,2,1972,174698,54
1299,2882,1,2,1,1922,218902,104
1300,1745,5,2,3,1971,974570,55
1301,2584,1,3,1,1995,60712,31
1302,777,3,4,3,2011,393671,15
1303,2387,4,3,3,1913,965885,113
1304,1765,4,1,2,1990,701176,36
1305,1540,5,1,2,1924,806686,102
1306,1417,3,1,3,1976,568680,50
1307,1385,3,3,2,2018,246437,8
1308,3252,1,3,1,1984,661473,42
1309,521,3,3,2,2008,411995,18
1310,3691,2,1,2,1930,474022,96
1311,2853,1,4,1,2000,586498,26
1312,1186,2,2,2,2011,86972,15
1313,784,5,3,3,2021,811254,5
1314,4247,4,4,1,2006,346280,20
1315,1262,5,2,3,1953,487513,73
1316,2928,4,2,1,1904,952877,122
1317,3007,5,2,3,1912,852377,114
1318,528,3,4,3,1927,800561,99
1319,1406,2,4,2,1942,391324,84
1320,3604,4,1,3,1988,382597,38
1321,4499,1,4,2,2014,921836,12
1322,3494,2,4,1,1998,980728,28
1323,3006,1,4,3,1946,53052,80
1324,4109,2,2,3,2002,339416,24
1325,4053,2,3,1,1970,353294,56
1326,1953,5,1,1,1937,801564,89
1327,3856,4,3,3,1995,198388,31
1328,1015,4,3,1,1966,496605,60
1329,538,2,4,2,1961,712600,65
1330,3842,3,1,1,2008,933527,18
1331,1386,3,3,1,1938,380918,88
1332,3344,1,3,3,1936,879607,90
1333,2704,1,1,2,2018,443781,8
1334,1598,5,4,1,2013,66375,13
1335,2323,2,3,2,1985,599998,41
1336,3701,1,2,2,1907,755255,119
1337,3655,1,3,2,1980,828912,46
1338,3593,2,2,3,1951,720534,75
1339,4030,5,4,1,1990,419170,36
1340,4278,1,3,3,1932,530545,94
1341,3396,5,1,1,2009,77597,17
1342,3953,4,1,1,1980,386433,46
1343,4011,5,3,3,1941,481613,85
1344,1488,3,4,2,1975,135687,51
1345,4616,3,4,2,2011,168968,15
1346,4526,5,1,1,2009,614562,17
1347,4679,3,3,3,1926,517453,100
1348,2182,4,4,2,2011,253570,15
1349,4463,2,1,2,1907,481413,119
1350,1433,3,2,1,1922,622922,104
1351,4098,3,3,1,2023,866473,3
1352,3733,5,2,3,2005,974752,21
1353,2480,4,2,1,2012,397509,14
1354,2355,2,4,2,1963,969707,63
1355,3556,5,4,2,2022,888418,4
1356,1292,5,4,2,1992,861802,34
1357,1291,4,3,2,2013,347391,13
1358,2309,2,2,3,1919,960835,107
1359,2755,4,3,3,1915,431688,111
1360,4110,2,4,1,1916,256994,110
1361,2107,4,2,1,1979,830768,47
1362,1484,5,3,1,1918,443650,108
1363,4176,5,3,3,2019,637270,7
1364,3880,1,1,2,2019,901612,7
1365,1019,3,3,1,1907,682822,119
1366,1090,4,4,2,1937,739834,89
1367,1550,1,3,1,1937,336788,89
1368,4133,3,2,1,1952,612781,74
1369,4944,4,3,1,1992,395968,34
1370,1459,2,1,1,2004,564922,22
1371,1192,3,2,1,1999,971463,27
1372,4399,5,2,2,1989,883721,37
1373,4973,1,1,1,1930,978647,96
1374,3446,3,4,2,1943,482809,83
1375,1026,3,2,3,1959,482331,67
1376,3724,5,4,1,1975,816505,51
1377,2753,4,2,2,2018,727900,8
1378,3844,2,2,3,1916,347625,110
1379,4465,5,4,3,1978,276577,48
1380,2375,2,2,3,1972,651385,54
1381,2263,4,4,2,1938,859010,88
1382,1020,3,1,1,1941,980291,85
1383,1516,2,4,1,1947,384192,79
1384,616,1,1,2,1911,564771,115
1385,2933,1,2,1,1995,233951,31
1386,1083,5,4,2,1988,191668,38
1387,894,4,2,1,2002,503885,24
1388,4288,5,4,3,1917,463146,109
1389,3268,5,1,1,1978,229022,48
1390,4667,5,1,2,1995,932169,31
1391,4360,1,4,2,1905,330831,121
1392,773,1,1,3,2021,496049,5
1393,2513,5,2,2,2007,172540,19
1394,4933,1,2,1,1942,741349,84
1395,1889,4,3,1,2015,866615,11
1396,4066,5,1,3,1934,332902,92
1397,665,1,2,2,1997,706442,29
1398,2067,2,4,3,2001,812301,25
1399,1228,5,1,1,2019,670656,7
1400,2543,5,2,3,1953,620179,73
1401,4697,4,1,2,2020,96901,6
1402,3996,3,4,3,1961,526728,65
1403,1278,3,2,2,1968,416056,58
1404,713,4,3,2,1981,645350,45
1405,4262,4,3,1,1915,539838,111
1406,2076,4,1,1,1907,726923,119
1407,2948,3,4,1,1988,908440,38
1408,3436,4,2,2,1995,445991,31
1409,3617,1,4,3,1989,983332,37
1410,1091,5,2,2,2015,553528,11
1411,3220,5,1,1,1985,569149,41
1412,1213,2,2,1,1930,854406,96
1413,1435,2,4,3,2006,727748,20
1414,4837,5,4,1,1909,654879,117
1415,501,1,1,1,1955,302990,71
1416,3348,3,4,1,2020,330759,6
1417,4544,3,2,3,1975,72838,51
1418,2449,1,1,2,2016,352872,10
1419,1417,3,2,1,1991,690537,35
1420,3674,4,4,3,1969,652288,57
1421,2741,5,1,1,2022,364942,4
1422,589,5,2,3,1919,515992,107
1423,2209,1,4,1,1904,987126,122
1424,2669,3,4,3,1922,194608,104
1425,4738,2,3,1,1908,186772,118
1426,3541,2,4,2,1957,744199,69
1427,605,3,2,1,1958,846680,68
1428,1386,2,1,3,1992,95291,34
1429,927,1,3,1,1979,919061,47
1430,2395,1,4,2,1953,265963,73
1431,816,3,4,1,1945,175612,81
1432,1134,2,4,3,1921,591465,105
1433,2425,1,2,3,1963,462699,63
1434,2556,1,3,2,1907,93815,119
1435,3644,4,2,3,2022,874965,4
1436,2770,4,3,1,1919,836458,107
1437,1939,1,1,1,1950,154997,76
1438,1052,3,2,1,1977,110611,49
1439,1215,5,2,3,1938,661530,88
1440,4411,5,1,1,1936,467876,90
1441,2213,1,3,1,1949,760463,77
1442,3889,1,4,1,1933,417057,93
1443,1607,1,1,2,1974,92082,52
1444,4706,3,4,3,2017,197330,9
1445,750,4,4,3,2003,677901,23
1446,2930,1,1,3,1932,934747,94
1447,2554,1,3,2,1930,926122,96
1448,958,2,4,3,2022,145220,4
1449,707,3,1,2,1953,589677,73
1450,1399,1,2,2,1943,141860,83
1451,3961,2,2,3,1933,733045,93
1452,3885,5,2,1,2013,502436,13
1453,521,1,1,1,1970,994699,56
1454,909,1,2,3,2021,71797,5
1455,1394,2,4,3,2012,948407,14
1456,1014,3,2,2,2017,933601,9
1457,4609,1,2,3,1961,820227,65
1458,2634,5,4,2,1922,640620,104
1459,4095,1,2,3,1945,810943,81
1460,3456,5,4,1,1955,274997,71
1461,2060,4,2,1,1906,506123,120
1462,1766,4,4,3,2017,450404,9
1463,2669,5,2,2,1988,335840,38
1464,4138,3,4,1,1960,52024,66
1465,1249,1,1,2,1902,479201,124
1466,3927,1,4,3,2022,711944,4
1467,2427,4,2,3,1937,403142,89
1468,4304,5,2,1,1983,208116,43
1469,4202,1,3,3,1933,831627,93
1470,2856,1,4,1,2012,317429,14
1471,2835,3,1,2,1943,506331,83
1472,806,2,4,1,2007,843802,19
1473,4165,4,4,1,1929,67903,97
1474,2489,4,1,2,1916,737859,110
1475,1161,2,4,1,1958,934336,68
1476,811,1,1,1,1909,859427,117
1477,3420,3,1,3,1998,417304,28
1478,1582,3,4,2,1983,478416,43
1479,3471,4,4,1,1917,662665,109
1480,1254,3,2,2,1944,251474,82
1481,4630,2,2,2,2007,456782,19
1482,852,1,3,1,1990,874254,36
1483,1402,2,3,3,1958,419556,68
1484,4388,5,4,2,1961,887654,65
1485,658,4,1,1,1958,930520,68
1486,2477,3,3,2,1948,543301,78
1487,1456,5,4,3,1999,402594,27
1488,2571,3,3,3,1962,493884,64
1489,903,1,1,3,1986,683654,40
1490,3279,1,4,1,1931,422222,95
1491,1887,1,1,1,1909,638141,117
1492,3953,3,4,3,1910,235715,116
1493,1455,5,3,1,2001,960226,25
1494,2212,1,2,3,1969,203405,57
1495,1773,5,3,1,2022,459174,4
1496,4311,3,3,3,2004,626730,22
1497,3125,5,2,2,1961,464170,65
1498,2882,3,2,3,1946,280755,80
1499,1941,3,4,3,1933,583963,93
1500,3479,4,4,1,1999,139590,27
1501,2297,3,1,1,2000,420714,26
1502,4890,3,1,1,1916,343805,110
1503,4509,2,3,1,2003,638577,23
1504,1894,1,2,1,2003,67184,23
1505,4781,4,1,1,1953,884395,73
1506,1769,4,3,2,1975,731182,51
1507,4214,4,2,3,1984,505519,42
1508,1029,2,4,3,1939,257537,87
1509,4123,3,3,3,1918,841699,108
1510,3458,1,4,2,1966,233719,60
1511,3414,5,1,3,1981,899246,45
1512,4091,3,1,2,1952,872457,74
1513,2647,2,2,2,2014,171246,12
1514,3869,3,3,2,1963,389749,63
1515,1439,3,4,3,1982,706341,44
1516,1025,2,2,2,1946,879868,80
1517,501,4,1,3,1905,723832,121
1518,874,4,1,3,1915,200408,111
1519,2840,1,3,1,1971,730947,55
1520,4505,1,4,1,2011,913624,15
1521,3552,4,3,2,1917,287439,109
1522,2865,5,4,2,1951,957023,75
1523,2025,3,4,3,1947,396655,79
1524,4976,5,3,2,1942,583953,84
1525,2146,3,2,2,1938,732457,88
1526,513,4,3,3,1948,927709,78
1527,2778,1,3,2,2012,626762,14
1528,3655,1,1,2,1911,777333,115
1529,629,5,1,3,2008,468401,18
1530,4314,1,3,3,1909,125911,117
1531,3716,4,3,1,1970,142643,56
1532,3438,5,1,3,2009,866916,17
1533,4428,3,4,1,1954,309383,72
1534,2540,1,3,2,1900,413309,126
1535,527,2,2,3,1948,226682,78
1536,2613,1,2,3,1935,756167,91
1537,1752,3,2,3,1920,862267,106
1538,4856,5,3,2,1936,800639,90
1539,2546,3,4,1,2015,146453,11
1540,4523,2,4,2,1923,628078,103
1541,4896,4,1,2,1954,782320,72
1542,3874,1,3,3,1924,846075,102
1543,3966,5,4,1,1906,387990,120
1544,3581,4,3,2,2005,462167,21
1545,4278,3,1,3,1980,535320,46
1546,1129,5,1,2,1992,458449,34
1547,769,4,1,2,1993,587488,33
1548,3139,5,2,3,1970,626563,56
1549,2493,2,3,3,1996,519284,30
1550,3391,2,1,1,1970,925433,56
1551,3932,1,3,2,2021,726651,5
1552,1780,1,2,3,1923,354592,103
1553,2860,2,2,3,1910,998084,116
1554,1075,5,1,1,1972,665973,54
1555,1807,2,1,1,1911,464562,115
1556,3692,1,4,3,1934,847051,92
1557,3678,2,3,1,1962,679742,64
1558,3234,2,1,3,1967,576054,59
1559,2712,5,4,2,1999,839981,27
1560,2852,4,3,1,1991,724053,35
1561,4068,1,1,2,1956,505235,70
1562,2155,5,4,2,1912,540674,114
1563,2079,2,4,2,1922,830644,104
1564,2703,2,3,3,1982,944370,44
1565,1890,4,4,2,2005,964105,21
1566,2242,1,3,2,2000,543496,26
1567,2425,1,3,2,1938,884760,88
1568,1119,3,3,3,1987,520917,39
1569,1774,1,2,2,1979,270172,47
1570,1456,4,4,2,1996,75301,30
1571,2439,3,3,1,1911,619051,115
1572,4453,3,1,3,1933,201837,93
1573,2881,2,2,2,1970,881219,56
1574,1468,2,2,1,1974,957107,52
1575,1816,1,4,3,1930,57425,96
1576,1543,3,3,3,1992,325001,34
1577,781,2,4,3,1961,233843,65
1578,3344,4,2,3,1912,405143,114
1579,1558,2,3,3,1930,465660,96
1580,4793,2,1,3,1901,833849,125
1581,3032,3,3,2,2002,615745,24
1582,4328,3,2,2,1914,545496,112
1583,1508,5,1,2,1956,785101,70
1584,1729,4,3,2,1974,443920,52
1585,1535,3,1,1,1933,579740,93
1586,775,1,1,2,2002,161153,24
1587,3240,4,2,3,1967,875294,59
1588,2789,4,1,2,1974,242543,52
1589,1739,3,4,2,1928,529274,98
1590,625,4,2,3,1965,330444,61
1591,4565,3,4,2,1915,977070,111
1592,4812,2,1,2,1938,450717,88
1593,4368,5,4,2,1976,51845,50
1594,1708,2,3,1,1936,169342,90
1595,3749,3,1,2,1980,875613,46
1596,1418,3,3,3,1920,500479,106
1597,4423,2,4,3,1943,811654,83
1598,4903,1,3,2,2023,813292,3
1599,2469,1,1,2,1918,768398,108
1600,3293,1,3,2,1970,298850,56
1601,1391,3,4,3,2001,788650,25
1602,4970,4,4,3,1907,297688,119
1603,2533,3,4,1,1976,608692,50
1604,1864,4,1,1,2000,596852,26
1605,628,2,4,1,1965,672186,61
1606,1514,5,1,3,1940,330371,86
1607,2299,4,3,1,1974,570919,52
1608,2018,1,4,2,1987,145259,39
1609,4681,3,3,2,1969,174451,57
1610,1698,2,2,3,1960,490691,66
1611,4373,1,3,1,1925,67215,101
1612,2974,2,2,2,1970,180577,56
1613,3985,5,3,3,2020,832680,6
1614,4549,3,1,1,2002,121074,24
1615,4219,3,3,2,1982,989203,44
1616,802,5,1,1,1969,682909,57
1617,4452,3,1,3,2006,979958,20
1618,1486,4,4,1,1928,753577,98
1619,2363,2,1,3,2006,156759,20
1620,4940,1,2,1,2002,178471,24
1621,3572,5,4,2,1965,858143,61
1622,3624,4,4,3,1918,458275,108
1623,1827,1,3,3,1967,622686,59
1624,2908,1,1,3,1957,837718,69
1625,4173,5,1,1,1969,215369,57
1626,3791,4,2,1,2012,682592,14
1627,4533,1,3,2,1956,154959,70
1628,1203,1,3,3,1936,289317,90
1629,1074,4,4,3,1960,731845,66
1630,3732,3,4,1,1991,372111,35
1631,3132,1,4,1,1929,934235,97
1632,4328,2,2,2,1970,179745,56
1633,3730,4,2,2,1972,104583,54
1634,988,1,4,1,1924,698365,102
1635,1847,5,3,3,1996,494846,30
1636,4181,2,2,2,1964,161359,62
1637,3673,1,3,1,2014,601374,12
1638,2167,2,3,1,1905,721844,121
1639,2137,2,1,3,1917,773983,109
1640,4614,3,4,1,1909,678420,117
1641,4053,2,1,1,1991,565329,35
1642,1500,3,4,2,1910,109263,116
1643,1350,4,4,1,1996,724035,30
1644,1888,3,3,1,1964,956587,62
1645,4212,5,4,2,1976,110664,50
1646,1867,1,3,3,2000,467896,26
1647,1321,4,3,3,1983,984581,43
1648,954,4,4,2,1964,956906,62
1649,2124,5,3,2,1951,389112,75
1650,3272,3,3,3,1966,970995,60
1651,4226,1,3,3,1981,751486,45
1652,3647,3,2,3,2004,817018,22
1653,4589,2,3,3,1977,446608,49
1654,2690,3,2,3,1930,505473,96
1655,1416,4,2,2,1990,117804,36
1656,4486,1,3,1,1916,874832,110
1657,3375,3,3,3,1954,479767,72
1658,1940,1,2,3,2009,864520,17
1659,4900,1,2,1,1992,261087,34
1660,1235,2,3,1,1935,992969,91
1661,4068,2,3,1,2000,491371,26
1662,3838,4,4,1,1925,137893,101
1663,3515,5,2,1,1952,842401,74
1664,3389,1,2,1,1916,58981,110
1665,1461,5,4,2,1985,464248,41
1666,3489,4,2,1,1924,366235,102
1667,4348,1,1,1,1901,157154,125
1668,1526,1,2,2,2018,336552,8
1669,4365,5,4,1,1985,729601,41
1670,3363,3,1,3,1904,884372,122
1671,3001,2,3,3,1903,526154,123
1672,2447,3,4,1,1935,756465,91
1673,1677,5,4,2,1905,242122,121
1674,511,2,3,3,2015,53657,11
1675,4899,3,4,2,1920,857662,106
1676,3864,2,2,3,1976,986184,50
1677,3522,1,3,1,2017,263766,9
1678,3871,3,4,2,2000,659019,26
1679,3330,2,3,2,2018,223412,8
1680,542,2,3,2,1988,741310,38
1681,1443,2,3,3,1925,713227,101
1682,2890,3,1,3,1954,783902,72
1683,3045,4,4,3,1938,54329,88
1684,2911,3,1,1,1983,348009,43
1685,1504,5,4,3,1932,772300,94
1686,520,3,2,1,1913,569897,113
1687,906,2,2,2,1955,87869,71
1688,1514,1,2,2,1999,247977,27
1689,4931,3,4,1,1980,956617,46
1690,2338,3,3,3,1920,548185,106
1691,3688,2,3,1,1945,133984,81
1692,1214,1,1,2,1915,961604,111
1693,4646,1,1,2,2009,151069,17
1694,4354,5,2,1,1915,298577,111
1695,4919,3,1,3,2019,926143,7
1696,640,1,4,3,1983,378396,43
1697,1463,1,4,1,1928,391530,98
1698,872,4,1,1,1991,168728,35
1699,4135,4,1,3,1907,573846,119
1700,3041,1,1,2,1987,969215,39
1701,4110,5,1,1,1902,75801,124
1702,2192,1,2,3,1988,792647,38
1703,605,2,2,3,1918,809925,108
1704,2181,3,1,2,1996,664997,30
1705,4597,5,4,2,1965,365414,61
1706,4516,2,2,2,1978,514838,48
1707,3136,5,4,2,1985,891967,41
1708,2637,2,3,2,2023,305560,3
1709,3916,3,4,1,1973,818026,53
1710,4945,3,1,3,1981,782119,45
1711,4030,4,3,1,1921,66220,105
1712,1786,2,2,1,1945,325536,81
1713,3679,4,2,1,2012,528803,14
1714,4154,2,3,1,1990,445462,36
1715,2859,4,4,1,1912,332154,114
1716,944,3,2,2,1932,176951,94
1717,535,5,1,2,1904,380502,122
1718,1975,4,3,3,1989,533419,37
1719,4457,2,1,1,1976,198306,50
1720,2298,2,3,3,1926,932622,100
1721,2345,3,2,2,2020,690083,6
1722,1908,2,4,2,1977,492667,49
1723,2208,1,3,2,1923,959222,103
1724,3438,5,3,1,1966,175223,60
1725,1800,4,1,1,2010,572886,16
1726,1743,5,2,2,2014,649493,12
1727,4476,3,1,3,1962,465000,64
1728,3597,4,2,3,2012,997176,14
1729,509,4,1,2,1993,51082,33
1730,2925,1,3,3,1998,454364,28
1731,2160,3,1,2,1947,208566,79
1732,3131,2,4,3,1962,911525,64
1733,1572,1,2,2,1977,364096,49
1734,3725,1,2,3,1911,86719,115
1735,1816,5,3,1,1927,98737,99
1736,4645,5,2,2,1943,502669,83
1737,4183,5,4,2,1992,157271,34
1738,3773,1,1,3,1942,744896,84
1739,645,2,3,2,1916,231676,110
1740,3540,4,4,2,1939,494049,87
1741,1962,5,2,2,1948,981543,78
1742,2084,2,2,1,1984,642127,42
1743,982,3,4,1,1956,884363,70
1744,3679,5,1,3,1986,352069,40
1745,1749,4,1,1,1983,232075,43
1746,1130,3,3,3,1963,492113,63
1747,1161,3,2,1,1974,137745,52
1748,4003,4,4,3,1956,176298,70
1749,3352,5,1,1,2020,667997,6
1750,2966,1,3,1,1997,354431,29
1751,1487,4,2,3,1973,796086,53
1752,2046,4,2,2,1973,476228,53
1753,1149,4,3,2,2006,681540,20
1754,1468,3,3,1,2023,747143,3
1755,3137,2,1,3,1969,421467,57
1756,1600,1,4,2,1999,511531,27
1757,940,5,2,3,1987,789126,39
1758,1269,5,4,2,1975,489707,51
1759,1843,2,2,3,1942,270013,84
1760,4858,4,2,1,2018,501800,8
1761,4229,1,4,3,1922,849235,104
1762,4406,5,3,2,1926,230697,100
1763,2077,5,1,1,1957,693107,69
1764,4508,4,2,3,2020,929793,6
1765,3851,2,3,2,2008,63698,18
1766,2849,1,2,1,1936,65376,90
1767,4102,2,1,3,1905,526870,121
1768,1741,2,2,2,1964,325261,62
1769,1625,1,1,3,1905,286591,121
1770,3101,1,1,3,1949,481172,77
1771,1690,5,2,1,1921,98786,105
1772,4631,5,2,1,2004,687293,22
1773,4948,1,1,2,1987,268850,39
1774,572,3,3,1,1924,378624,102
1775,2414,5,4,2,1978,737055,48
1776,2972,3,1,3,1989,969015,37
1777,3546,1,2,3,1971,889665,55
1778,1207,5,2,2,1950,423166,76
1779,2304,2,3,3,1987,465718,39
1780,4213,1,4,1,1947,493226,79
1781,3064,4,1,3,2001,142529,25
1782,2975,3,1,1,1969,517121,57
1783,4110,1,4,2,2017,815784,9
1784,4755,1,1,2,1998,489705,28
1785,3323,5,4,3,2005,675207,21
1786,2235,5,2,3,1964,919965,62
1787,2085,5,4,1,1959,524381,67
1788,566,4,1,1,1945,999453,81
1789,3561,5,4,3,1935,522803,91
1790,2928,1,3,3,1957,536275,69
1791,4653,5,2,2,1975,772670,51
1792,841,2,2,2,1937,259870,89
1793,3274,5,4,2,1910,643695,116
1794,3317,4,1,3,1911,648097,115
1795,3161,2,3,3,1941,329373,85
1796,1732,1,2,3,2013,994889,13
1797,4374,1,2,2,1938,616464,88
1798,2901,3,1,3,1970,669113,56
1799,1994,2,1,1,1910,970764,116
1800,4711,3,3,3,1935,147555,91
1801,1161,2,4,3,1951,577433,75
1802,4383,2,1,3,1930,147289,96
1803,4119,4,4,3,1932,713162,94
1804,2368,3,3,3,1912,838695,114
1805,2834,4,4,1,1917,470129,109
1806,3874,2,2,1,1940,107788,86
1807,1516,1,4,3,1957,713515,69
1808,4906,2,3,2,1955,706282,71
1809,707,4,3,3,1923,777591,103
1810,3165,3,3,3,1972,201744,54
1811,2993,3,4,3,1930,219598,96
1812,1132,4,2,2,1954,881776,72
1813,2602,3,1,2,2004,959251,22
1814,3459,5,2,2,1909,462230,117
1815,3583,1,4,1,1959,647640,67
1816,2431,1,4,2,1901,534495,125
1817,4219,1,1,1,2001,352468,25
1818,3062,3,4,1,1914,557745,112
1819,2179,3,3,2,1902,930507,124
1820,736,2,3,2,1942,276710,84
1821,4943,2,3,2,1930,744058,96
1822,2040,1,3,1,1969,913601,57
1823,4443,5,3,3,1966,859816,60
1824,863,2,4,2,1955,577800,71
1825,2868,2,1,2,1962,973570,64
1826,785,3,1,2,1974,736860,52
1827,648,5,3,1,1914,173775,112
1828,4537,1,4,1,2008,128743,18
1829,2266,2,2,3,2015,397786,11
1830,1512,5,2,2,1991,441731,35
1831,3331,5,4,1,1909,654146,117
1832,3007,1,3,3,1937,629088,89
1833,2023,5,1,2,1946,506356,80
1834,3285,5,4,1,1956,674652,70
1835,3056,5,2,2,1949,555533,77
1836,4225,2,2,2,2013,314531,13
1837,2101,1,2,1,1970,237232,56
1838,2908,5,3,1,1914,778927,112
1839,840,5,2,1,1917,182871,109
1840,3317,2,4,2,1981,169095,45
1841,2996,1,4,2,2015,609836,11
1842,2225,3,2,3,2004,140450,22
1843,2189,2,4,2,1987,679957,39
1844,3767,1,2,1,1901,916603,125
1845,4906,5,2,2,2003,483595,23
1846,761,1,1,3,1983,357558,43
1847,1942,1,3,3,1997,647359,29
1848,905,1,3,1,1942,687096,84
1849,2690,3,1,1,1925,550884,101
1850,4937,1,1,3,1970,128591,56
1851,743,3,3,3,1937,798501,89
1852,4607,5,2,3,1993,316441,33
1853,1060,3,2,1,1941,683801,85
1854,4637,5,3,3,1904,965100,122
1855,3225,5,2,3,1910,922911,116
1856,1093,3,1,1,1964,148752,62
1857,2326,2,2,2,1933,186080,93
1858,3729,4,2,2,2019,267885,7
1859,3787,1,4,3,1900,427625,126
1860,4573,4,4,2,1982,197892,44
1861,633,1,4,2,1901,514764,125
1862,3638,1,2,2,1984,203325,42
1863,4419,5,3,2,1919,472418,107
1864,572,1,1,3,1960,996740,66
1865,4994,1,2,2,1986,641444,40
1866,4725,3,3,2,1920,817248,106
1867,3478,4,2,1,1987,110263,39
1868,4861,3,1,3,1967,955428,59
1869,2485,1,2,1,1911,673540,115
1870,1292,5,1,1,1921,168632,105
1871,4759,3,2,3,1919,911287,107
1872,594,3,1,2,1981,66575,45
1873,1633,2,2,1,1900,324348,126
1874,737,1,1,3,1929,61952,97
1875,3446,5,4,2,1996,569826,30
1876,3030,3,2,3,1923,133323,103
1877,2460,3,2,1,1913,756502,113
1878,1548,5,3,2,1935,214944,91
1879,3029,1,3,2,1968,734736,58
1880,3464,2,1,3,1974,771444,52
1881,1463,3,2,2,1923,192712,103
1882,1036,2,1,1,1959,338581,67
1883,4723,4,4,1,1994,177129,32
1884,4179,1,3,1,1954,924113,72
1885,4687,4,1,3,1976,828810,50
1886,4224,4,1,2,1979,582191,47
1887,1042,4,3,2,1923,264776,103
1888,1345,1,2,2,1976,601151,50
1889,4103,1,1,1,1923,355525,103
1890,3536,5,3,2,1953,864980,73
1891,2994,2,2,1,1925,493172,101
1892,4985,2,4,2,1965,585755,61
1893,3219,5,3,1,1979,370098,47
1894,2384,5,1,2,1937,336045,89
1895,4638,4,4,3,2009,859733,17
1896,4849,5,2,3,1964,961118,62
1897,3701,3,2,1,2012,807902,14
1898,3210,2,3,1,1974,921612,52
1899,2453,5,3,2,1950,644191,76
1900,4350,3,3,2,1934,416099,92
1901,1189,3,2,3,1942,983708,84
1902,2450,3,4,2,1928,594043,98
1903,956,3,2,1,1936,371961,90
1904,2630,4,1,1,1980,838525,46
1905,4476,3,2,1,1957,306094,69
1906,4744,4,1,1,1953,512753,73
1907,1679,4,4,1,1938,932751,88
1908,4785,3,3,3,1941,335084,85
1909,4065,2,3,3,1927,749400,99
1910,1382,3,2,1,1928,703002,98
1911,899,3,3,2,1942,141544,84
1912,1108,3,4,1,1902,658725,124
1913,2138,2,3,3,2015,405113,11
1914,2648,1,2,1,1909,157001,117
1915,1882,1,4,3,1958,137725,68
1916,1903,4,1,3,2005,427928,21
1917,1319,4,2,1,1913,160675,113
1918,3792,2,1,1,1975,144266,51
1919,1319,5,4,2,1946,321380,80
1920,919,1,2,3,1941,909029,85
1921,4719,4,2,2,1993,265196,33
1922,3802,1,4,1,1931,184974,95
1923,2008,2,3,3,1931,673944,95
1924,1267,2,2,2,1941,346508,85
1925,2544,5,2,2,1931,681359,95
1926,2639,5,1,2,1925,406554,101
1927,3529,2,3,1,2014,201168,12
1928,2049,4,1,1,1900,193092,126
1929,2264,1,1,1,1955,632761,71
1930,3145,3,3,3,2021,291472,5
1931,4216,5,3,1,2005,356297,21
1932,4981,3,4,3,1901,222349,125
1933,2793,4,3,2,1980,350646,46
1934,3208,5,2,2,1929,65675,97
1935,1400,3,3,1,2019,991869,7
1936,3584,4,4,2,2002,168384,24
1937,2509,1,4,1,1970,128229,56
1938,741,4,4,3,1951,663337,75
1939,2885,5,3,2,1990,757508,36
1940,4768,2,3,1,1908,401301,118
1941,1171,1,1,2,1921,270319,105
1942,663,3,1,2,1933,679999,93
1943,964,5,2,1,2009,684378,17
1944,3542,2,1,2,1948,929753,78
1945,2942,4,2,2,1900,776262,126
1946,2855,2,4,2,1972,862897,54
1947,4778,5,1,2,1983,868718,43
1948,3057,5,3,3,1952,104795,74
1949,1045,2,1,2,1982,420283,44
1950,4335,4,2,2,1999,784543,27
1951,1093,2,1,1,2023,153845,3
1952,4304,5,4,3,1939,362130,87
1953,1959,5,3,1,1944,387540,82
1954,3993,3,2,1,1967,891610,59
1955,3101,3,3,1,1908,847177,118
1956,2944,1,3,3,2004,828520,22
1957,3172,5,2,1,1921,303730,105
1958,4700,3,3,1,1917,253426,109
1959,516,2,3,1,1975,916069,51
1960,3691,4,1,2,2005,972532,21
1961,892,2,3,1,1942,279333,84
1962,924,4,3,3,1938,622854,88
1963,1071,3,3,3,1972,880154,54
1964,4131,1,3,2,1905,923055,121
1965,1620,2,2,3,1982,423218,44
1966,741,2,4,3,1947,649262,79
1967,4397,2,1,2,2010,526908,16
1968,4595,4,3,1,1906,396228,120
1969,2779,3,3,2,1979,220951,47
1970,1288,2,2,1,1968,467983,58
1971,1214,2,4,1,1915,298595,111
1972,3349,1,3,3,1900,953785,126
1973,1275,1,2,2,2014,678705,12
1974,4526,3,1,3,1936,904531,90
1975,2747,3,1,3,2002,229729,24
1976,578,5,3,1,1982,189570,44
1977,4426,1,3,3,2017,254739,9
1978,1355,5,4,2,1936,337251,90
1979,2648,4,4,3,1980,734153,46
1980,1531,5,3,3,1963,970200,63
1981,3771,2,2,1,1989,890271,37
1982,4076,5,4,2,1985,663529,41
1983,4682,3,3,3,1961,597685,65
1984,3956,4,4,1,1971,581992,55
1985,4006,2,3,3,1960,852874,66
1986,907,5,1,2,1932,769148,94
1987,3211,4,3,3,1965,179576,61
1988,3588,4,1,3,1929,59765,97
1989,2168,2,4,1,2010,427972,16
1990,647,5,3,3,1919,60002,107
1991,4827,4,4,1,1959,834141,67
1992,4397,4,1,2,1981,847822,45
1993,2450,1,3,3,2006,225508,20
1994,865,4,4,2,2020,308446,6
1995,2174,1,1,2,1973,527698,53
1996,4994,5,4,3,1923,295620,103
1997,3046,5,2,1,2019,580929,7
1998,1062,5,1,2,1903,476925,123
1999,4062,3,1,2,1936,161119,90
2000,2989,5,1,3,1903,482525,123
